Id,WVHT(m)
2019722240,0.32367968678962783
2019722340,0.26449250292720694
201973140,0.29732672193100107
2019761040,0.2578826738211159
2019761140,0.27201584108375365
2019761240,0.265896894926563
2019761340,0.2858433430133341
2019761440,0.30277017175485194
2019761540,0.32812121318113574
2019761640,0.4395241330473556
2019761740,0.6259319093214905
2019761840,0.888768495380442
2019761940,0.9271561957663397
2019762040,1.0258808072838317
2019762140,1.0278440095527093
2019762240,1.097565328902419
2019762340,1.1845643242701822
201977040,1.265934685563137
201977140,1.4196448629781178
201977240,1.334096667270987
201977340,1.3357758452338209
201977440,1.0520682225651365
201977540,1.1247294356554876
201977640,0.7421673925859883
201977740,0.7406158310100194
201977840,0.7293843371841224
201977940,0.9095650026739464
2019771040,0.9245637780298908
2019771140,0.9233930532684811
2019771240,0.8467900541312582
2019771340,0.7684832688628906
2019771440,0.7013967923559147
2019771540,0.6656802342289914
2019771640,0.6226306277823161
2019771740,0.5571974083925861
2019771840,0.5949556828075858
2019771940,0.6918625989284772
2019772040,0.578086019227355
2019772140,0.6084978478850379
2019772240,0.6492150722651469
2019772340,0.6630166754939407
201978040,0.6115287094526896
201978140,0.6774760385492835
201978240,0.6857757024842583
201978340,0.5727282765063594
201978440,0.45039122785016406
201978540,0.39219155490607005
201978640,0.3868966355814492
201978740,0.38412101820734834
201978840,0.3872353670756257
201978940,0.2931703546127528
2019781040,0.29045933945478525
2019781140,0.29197535226876103
2019710540,0.25358100254617266
2019710640,0.29211815518031864
2019710740,0.30802020201116714
2019710840,0.37547483540798354
2019710940,0.32999761853212456
20197101040,0.3514026280488906
20197101140,0.3458816403745447
20197101240,0.39486333396210876
20197101340,0.38076079803151897
20197101440,0.39373953698518915
20197101540,0.3495269345616226
20197101640,0.31740552050578685
20197101740,0.3234022365887486
20197101840,0.3511634308892047
20197101940,0.3402898422758944
2019711540,0.30725770970333055
2019711640,0.28922709205036246
20197111540,0.3672259542607127
20197111640,0.474071698212862
20197111740,0.48072978955849804
20197111840,0.47293133646091917
20197111940,0.5757010813792086
20197112040,0.7082751174532304
20197112140,0.5617830426864634
20197112340,0.6221529615184195
2019712040,0.616681848406128
2019712140,0.6427941073490605
2019712240,0.5845672029039044
2019712340,0.4798174579931626
2019712440,0.4155645403177729
2019712540,0.4540778770194581
2019712640,0.4201061444975408
2019712740,0.3878492149243286
2019712840,0.44999634834376023
2019712940,0.4250901364579056
20197121040,0.4046669366903835
20197121140,0.42191501075318416
20197121240,0.4137934134568973
20197121340,0.4153915750387333
20197121440,0.3663623528874836
20197121540,0.39113937685939354
20197121640,0.4088449922019761
20197122140,0.2609643216777877
20197122240,0.30410518446859064
20197122340,0.3078063109969494
2019713040,0.3056226062786347
2019713140,0.30602892075697824
2019713240,0.2949067665968529
2019713340,0.2888514244253843
2019713440,0.28782642905224753
2019713940,0.3143311646288835
20197131040,0.3242936645127011
20197131140,0.3266034371307198
20197131240,0.33516290768455453
20197131340,0.34179381367127787
20197131440,0.32315127324367304
20197131540,0.338272722324633
20197131640,0.3204301567036117
20197131740,0.3055233301122773
20197131840,0.29474783476689825
20197151340,0.2758988845024231
20197151440,0.2832360502344819
20197151540,0.3432576040258259
20197151640,0.2973856352884417
20197151740,0.3211532395243754
20197151840,0.30452340819900503
20197151940,0.2973667874713416
20197152040,0.2793309831507353
20197152140,0.2984585539672764
20197152240,0.2938396184003664
20197152340,0.2890982383403906
2019716040,0.3394185964247688
2019716140,0.36439824969909984
2019716240,0.38849353692901106
2019716340,0.5126869113107027
2019716440,0.5185467722127071
2019716540,0.4799040311979032
2019716640,0.49878870996572444
2019716740,0.4697643906346225
2019716840,0.4216722764367928
2019716940,0.5067552576003673
20197161040,0.5262756216242653
20197161140,0.6362927741207609
20197161240,0.568831118029105
20197161340,0.4989252424316943
20197161440,0.4464716316286075
20197161540,0.4178726698518779
20197161640,0.399539742886441
20197161740,0.45893664092333425
20197161840,0.44724374686453205
20197161940,0.35841527449345245
20197162040,0.3393568182768237
20197162140,0.35241594218649946
20197181440,0.28326392684046714
20197181540,0.2756072017011744
20197181640,0.3095831588552725
20197181740,0.4538491850861015
20197181840,0.6665312645899852
20197181940,0.7901412135471716
20197182040,1.0879992648463612
20197182140,1.068789735429327
20197182240,0.9797142691515233
20197182340,0.8664440843421721
2019719040,0.6018124059281512
2019719140,0.6043245344193248
2019719240,0.5282953001413009
2019719340,0.5314501037388024
2019719440,0.6516361782885409
2019719540,0.5587182102853214
2019719640,0.48337394641565434
2019719740,0.39966073571333494
2019719840,0.44704545707822163
2019719940,0.49291816231662783
20197191040,0.5425201739064756
20197191140,0.5175469574792342
20197191240,0.48769476490117614
20197191340,0.5969709031662123
20197191440,0.5351617957880388
20197191540,0.34305119527548544
20197191640,0.48276529510671096
20197191740,0.5148710852617779
20197191840,0.5398648018161332
20197191940,0.4775932980968432
20197192040,0.3765027761346588
20197192140,0.35709090708049873
2019720440,0.27140157617967264
2019720540,0.30293442924512576
2019720640,0.35296944452129153
2019720740,0.4628794994005333
2019720840,0.48840812141058976
2019720940,0.5330820039919428
20197201040,0.45453521145474385
20197201140,0.5730663782561934
20197201240,0.7347837804999595
20197201340,0.8713438286590223
20197201440,1.0144282359885795
20197201540,1.005060621817663
20197201640,1.0223815176093758
20197201740,0.8605946671955713
20197201840,0.6849120061760133
20197201940,0.7368144818199828
20197202040,0.5684976796356611
20197202140,0.3216174890440563
20197202240,0.3296743271760537
20197202340,0.4755575662755914
2019721040,0.3262610376324534
2019721140,0.265256842837883
2019721240,0.28728702107728965
2019721340,0.3626329706416938
2019721440,0.3962513493684569
2019721540,0.3842407043447361
2019721640,0.4674828831582083
2019721740,0.35923888605750187
2019721840,0.4105419620239075
2019721940,0.336731557128812
20197211040,0.2640809907149713
20197211140,0.29572107339106074
20197211240,0.3092966893326187
20197211340,0.35475341267351784
20197211440,0.25369610203154214
20197211540,0.27075753840027245
20197211640,0.33518001522111235
20197211740,0.38119955075375983
20197211840,0.4737291468323316
20197211940,0.5385201618028442
20197212040,0.5219980384407126
20197212140,0.5177485565639558
20197212240,0.7166456332061804
20197212340,0.9059019823246235
2019722040,0.923717462720049
2019722140,0.8846713461810696
2019722440,0.4485465386753593
2019722540,0.441054203118069
2019722640,0.437466442836004
2019722740,0.41857007701590093
2019722840,0.5267985218123237
2019722940,0.709230222493248
20197221040,0.8275959932378154
20197221140,1.149858054844982
20197221240,1.3044507966552659
20197221340,1.4484127977175951
20197221440,1.4049440375406705
20197221540,1.4258827724095164
20197221640,1.317443074808407
20197221740,1.3927127080044595
20197221840,1.3399776564650692
20197221940,1.2299669193399332
20197222040,1.2871443999344776
20197222140,1.3993417594262305
20197222240,1.2814766825758732
20197222340,1.0147597762859102
2019723040,0.8974428503864715
2019723140,0.842896420494156
2019723240,0.686536314433603
2019723340,0.7135680587941362
2019723440,0.5789459182290457
2019723540,0.5307199936094639
2019723640,0.5287988966359416
2019723740,0.5271213733406487
2019723840,0.4305493997021322
2019723940,0.35324424067443755
20197231040,0.32682653891954827
20197231140,0.343453711011863
20197231240,0.3028212248208967
20197231340,0.3145709464731445
20197231440,0.29890947203843693
20197231540,0.381883218592236
20197231640,0.3352582428279259
20197231740,0.4314823209655819
20197231840,0.453114748172443
20197231940,0.4458358572225254
20197232040,0.439790860975803
20197232140,0.4322586988257382
20197232240,0.4116812499361187
20197232340,0.40404141701097107
2019724040,0.38139957618470055
2019724140,0.44484580885083835
2019724240,0.5295557605009582
2019724340,0.518441438233065
2019724440,0.538806042944154
2019724540,0.39457820623642553
2019724640,0.3727987585272177
2019724740,0.4066551685460943
2019724840,0.35664888732323724
2019724940,0.38930725048805254
20197241040,0.3684033456886117
20197241140,0.3785655694416884
20197241240,0.34777793432496684
20197241340,0.29485650522529633
20197241440,0.3418571610456549
20197241540,0.2936641142302934
20197251040,0.26540577002112803
20197251140,0.2896499488265338
20197251240,0.342860533814074
20197251340,0.3221786396696847
20197251440,0.32676545530532675
20197251540,0.2984669411919217
20197251640,0.29232986544151296
20197251740,0.29615694955438104
20197251840,0.297083938827345
20197251940,0.2931342980879711
20197252040,0.3043170912851803
20197261140,0.2854849838846312
20197261240,0.28639676506952155
20197261340,0.29493556644850366
20197261440,0.36834572862079035
20197261540,0.39291854597409137
20197261640,0.44584861933203734
20197261740,0.48729847450846997
20197261840,0.53505504659399
20197261940,0.5275167436960424
20197262040,0.5258246212828082
20197262140,0.5031867601190523
20197262240,0.4355824964453209
20197262340,0.47428484352224054
2019727040,0.5118151111790968
2019727140,0.5319318041554325
2019727240,0.6136727240457218
2019727340,0.7841302911314629
2019727440,0.89571479625145
2019727540,0.9609499725295595
2019727640,1.0190504137563199
2019727740,1.003576280338747
2019727840,1.065074900550131
2019727940,0.9799290318444245
20197271040,0.9633273251292842
20197271140,0.9313348937820667
20197271240,1.0124247261812576
20197271340,0.9826122793872927
20197271440,0.9165220494104078
20197271540,0.8998335177409336
20197271640,0.8426158585053813
20197271740,0.8160020695123421
20197271840,0.8223759971288364
20197271940,0.7065858181248893
20197272040,0.7543663699014522
20197272140,0.6304088790297458
20197272240,0.6065363366527335
20197272340,0.6094899797218771
2019728040,0.5729410589568539
2019728140,0.5369972039196296
2019728240,0.6294692766752255
2019728340,0.5931758481083019
2019728440,0.5592549702893896
2019728540,0.575422212801848
2019728640,0.5192654334349776
2019728740,0.5070822526476166
2019728840,0.42608830795109065
2019728940,0.383358407606279
20197281040,0.407062141401653
20197281140,0.3907457648374101
20197281240,0.4118748903873545
20197281340,0.3716477474882653
20197281440,0.41141670360880067
20197281540,0.3754789077536039
20197281640,0.3754207342263671
20197281740,0.3831022280067197
20197281840,0.44651414783722415
20197281940,0.45048217777328653
20197282040,0.4052758621115491
20197282140,0.3823943918004744
20197282240,0.39280503681410694
20197282340,0.33266521751998906
2019729040,0.3022413370651147
2019729140,0.311545685267471
2019729440,0.2904401719256027
2019729540,0.35393112515725617
2019729640,0.4015974499352504
2019729740,0.4310822812120141
2019729840,0.5139075800401495
2019729940,0.6396154012588148
20197291040,0.6498054968672808
20197291140,0.7112640792652478
20197291240,0.7595663651406579
20197291340,0.6397660911371577
20197291440,0.6641828594242547
20197291540,0.69949167308651
20197291640,0.8181739478357233
20197291740,0.7337154674106684
20197291840,0.854817652365399
20197291940,0.6536336681557423
20197292140,0.5135301523958059
20197292240,0.477431108989402
20197292340,0.4658582354356372
2019730040,0.45284208906312606
2019730140,0.396332630460437
2019730240,0.35529963889572125
2019730340,0.3567559957984097
2019730440,0.3421961953909786
2019730940,0.3413520629767796
20197301040,0.39889526510492823
20197301140,0.5218224779711929
20197301240,0.5854173131402921
20197301340,0.6010652588937065
20197301440,0.7258908526113791
20197301540,0.8087398975567728
20197301640,0.9074156208541754
20197301740,0.8486624239970206
20197301840,0.8750912274599926
20197301940,0.9487657554976558
20197302040,0.8901722349506934
20197302140,0.8250628406205704
20197302240,0.9614036847934023
20197302340,0.9231068025139695
2019731040,0.8127142622998783
2019731140,0.7904991046151865
2019731240,0.792322393581508
2019731340,0.7681680436205918
2019731440,0.7754750765525639
2019731540,0.7278075498193818
2019731640,0.7345611025254714
2019731740,0.7275687487548308
2019731840,0.7038588092746699
2019731940,0.7786885148772483
20197311040,0.7496604258178151
20197311140,0.7519617458216298
20197311240,0.7315402850343917
20197311340,0.660419932833261
20197311440,0.6892247514717204
20197311540,0.6056074787538803
20197311740,0.5510416865603137
20197311840,0.5535392600429961
20197311940,0.5437032883731323
20197312040,0.5935080205876693
20197312140,0.5811147547365481
20197312240,0.5800421376769399
20197312340,0.5372997295513475
201981040,0.5796787242003671
201981140,0.5484872063024311
201981240,0.541889584076789
201981340,0.5051774475907859
201981440,0.574092323663241
201981540,0.4753134332361202
201981640,0.4033811921214753
201981740,0.3743073694919106
201981840,0.38636111030684295
201981940,0.34450905212029875
2019811040,0.3463362547958307
2019811140,0.3345387138779722
2019811240,0.3364443655847359
2019811340,0.35269185356076205
2019811440,0.2963446760502333
2019811540,0.2744216371279873
201982140,0.2948727016839058
201982240,0.29736167102613026
201982340,0.26197862966223207
201982440,0.2820095987723006
201982540,0.29927313838411135
201982640,0.29052403487330214
201982740,0.25615737809596106
201982840,0.27679173285876124
201982940,0.27906721561120834
2019821040,0.25462560230418113
2019832240,0.25042190649999424
2019841140,0.31543185777296534
2019841240,0.33065508061314214
2019841340,0.323578733185488
2019841440,0.34763765094973453
2019841540,0.314730185736717
2019851740,0.27503689095743006
2019852340,0.2608657390240479
201986040,0.2202411922104796
201986340,0.3327184264809692
201986440,0.5586397679805666
201986540,0.4927174862732522
201986640,0.41107750450834124
201986740,0.366838232438544
201986840,0.4365076287402908
201986940,0.336043456586676
2019861040,0.31318880247293523
2019861140,0.3073949113394664
2019861240,0.34376903577059154
2019861340,0.3288376087131969
2019861440,0.3306525261655943
2019861540,0.33366156885304193
2019861640,0.3422639097316399
2019861740,0.3044566549641567
2019861840,0.3219902096023139
2019861940,0.2986107955083309
2019862040,0.2756340157200658
2019872240,0.2686754171731354
2019872340,0.2884218795140003
201988040,0.2751177837994773
201988140,0.30442414076164775
201988240,0.2888184328469142
201988340,0.2908866061716338
201988440,0.37366983691274525
201988540,0.3301829173375165
201988640,0.44611595953675864
201988740,0.5338859530068643
201988840,0.5668411698621296
201988940,0.6615607537960554
2019881040,0.7877929017782438
2019881140,0.8015471613177267
2019881240,0.6827855711129838
2019881340,0.6434183153235733
2019881440,0.7061889022873409
2019881540,0.624720082805474
2019881640,0.5592217479456074
2019881740,0.5686389419869436
2019881840,0.4868876074384297
2019881940,0.4630896312787162
2019882040,0.4528533972637394
2019882140,0.45860447852269803
2019882240,0.418940609260128
2019882340,0.46727936901234435
201989040,0.38538863918105043
201989140,0.4002769266634514
201989240,0.36128677783748403
201989340,0.5562262564884378
201989440,0.4543708597344356
201989540,0.40043594309325703
201989640,0.397818680894147
201989740,0.3906558883180897
201989840,0.46704016396907533
201989940,0.528353418373751
2019891040,0.5293424057520164
2019891140,0.52119308296937
2019891240,0.6727063446991731
2019891340,0.679146620789154
2019891440,0.6317117982832592
2019891540,0.5500648958187693
2019891640,0.5143854887968101
2019891740,0.4837048823084599
2019891840,0.41948376147567845
2019892040,0.3519559092766347
2019892140,0.3464124907300594
2019892240,0.31178369732775646
2019892340,0.3291989379806205
2019810640,0.3236856687959884
2019810740,0.2927229689396981
2019810840,0.274451356781241
2019810940,0.256974242033928
20198111140,0.2809371225508093
20198111240,0.33257322898060326
20198111340,0.34861030576061086
20198111440,0.4129350485272556
20198111540,0.450828928988538
20198111640,0.4093981112894
20198111740,0.34833716523484326
20198111840,0.36738836352175636
20198111940,0.3355654268782148
20198112040,0.30468381664501787
20198112140,0.3131403391876936
20198112240,0.31789104226985665
2019813540,0.270859176964251
2019813640,0.27733638845711023
2019813740,0.3352681068394589
2019813840,0.3042739690782274
2019813940,0.33178056058179445
20198131040,0.3433312423760165
20198131140,0.3317507598356658
20198131240,0.3513418720081846
20198131340,0.3112547505521324
20198131440,0.27812173510953175
20198131540,0.2669759808057423
20198131640,0.28967439251831517
20198131740,0.3248034403807284
20198131840,0.37269186473133853
20198131940,0.37671163937918845
20198132040,0.39864955245784617
20198132140,0.40108531918696033
20198132240,0.467059077361059
20198132340,0.47391281474708874
2019814040,0.5787169695380145
2019814140,0.688205541406963
2019814240,0.7221093391544873
2019814340,0.676904128222113
2019814440,0.6246312522752121
2019814540,0.675786845881471
2019814640,0.7286708585730102
2019814740,0.7404747291046792
2019814840,0.9047505527157671
2019814940,0.7238486313716588
20198141040,0.7481198262643014
20198141140,0.614844766962954
20198141240,0.5369493907157926
20198141340,0.5772057185466599
20198141440,0.46744626904958997
20198141540,0.4516475461449353
20198141640,0.4326632017842139
20198141740,0.4171743707477933
20198141840,0.4591953353523237
20198141940,0.4709986078574444
20198142040,0.6187113529629904
20198142140,0.5216593757665012
20198142240,0.6617128435122236
20198142340,0.8083787561717266
2019815040,0.9662759265056592
2019815140,0.9863196491495922
2019815240,0.9201489377710546
2019815340,1.006639335971515
2019815440,1.0696193574429425
2019815540,1.1107465473969234
2019815640,1.1364032745337638
2019815740,1.0340582251738168
2019815840,1.083731108920777
2019815940,1.0774057332213989
20198151040,1.1343577642066298
20198151140,0.9961620758869445
20198151240,0.9206829900744178
20198151340,0.8141377320062443
20198151440,0.5791179632058251
20198151540,0.5462813851195143
20198151640,0.572720082200677
20198151740,0.4577854445042831
20198151840,0.5020231623072176
20198151940,0.5601076948604592
20198152040,0.48214931988553344
20198152140,0.4513198461180441
20198152240,0.4287217033671718
20198152340,0.32315298072490106
2019816040,0.4075666369673532
2019816140,0.4330534181310166
2019816240,0.4303151198921001
2019816340,0.3561864903238011
2019816440,0.3291142503642181
2019816540,0.3513226881167886
2019816940,0.24051941006655542
20198161140,0.29329162378537577
20198161240,0.30865329382813067
20198161340,0.2770312499970374
20198161440,0.30073769243161586
20198161540,0.3205780132760144
20198161640,0.34522393697238096
20198161740,0.41564418740949755
20198161840,0.4715343702243866
20198161940,0.5528870701413486
20198162040,0.571657003109634
20198162140,0.5508214925930035
20198162240,0.5839287823542465
20198162340,0.562155440000363
2019817040,0.49380530496472685
2019817140,0.6661938631164092
2019817240,0.52737044680171
2019817340,0.556705043140681
2019817440,0.5794256160423167
2019817540,0.4423629696721135
2019817640,0.40471401954742847
2019817740,0.3539945784492225
2019817840,0.3614271870786135
2019817940,0.33865413861491084
20198171040,0.35485740747837885
20198171140,0.30403838338691913
20198171240,0.3030108582362856
2019818940,0.2876409640241252
20198181040,0.2973623703334249
20198181140,0.39370146506445625
20198181240,0.5311194093476966
20198181340,0.7596776877031669
20198181440,0.8518531922071318
20198181540,0.7365885780747762
20198181640,1.0567302647127876
20198181740,1.0141305512966312
20198181840,1.0304800759354367
20198181940,0.9418621373460061
20198182040,0.7535459670747375
20198182140,0.569961537879484
20198182240,0.5871876187243049
20198182340,0.5778036941235368
2019819040,0.48574251042754546
2019819140,0.4765945347878975
2019819240,0.41639439762738734
2019819340,0.3465891938761188
2019819440,0.3227028911326454
2019819540,0.2999991839224558
2019819840,0.27203095604568456
2019819940,0.26199166992181416
20198191140,0.27896395555030606
20198191540,0.2701187976012149
20198191640,0.25709303139027145
20198201240,0.2598112037200711
20198202040,0.2856775177873134
20198202140,0.2674003166337773
20198202240,0.26574439046743575
20198211240,0.33563598730197
20198211340,0.3160071881919639
20198211440,0.2978723257772968
20198211540,0.2977203344483706
20198211640,0.2924337157807386
20198211740,0.29753955797391013
20198212340,0.2972557222368459
2019822040,0.3013298925745286
2019822140,0.28461516150840255
2019822240,0.2574366373775008
2019822340,0.2650088751947017
2019822440,0.2523088747594735
2019822540,0.2717385231014828
2019822640,0.30155971046675156
2019822740,0.30666427730406887
20198221040,0.3578976395940574
20198221140,0.4972245801101432
20198221240,0.7811962841241228
20198221340,0.9356065795266636
20198221440,0.8481234636194048
20198221540,0.804930005643053
20198221640,0.7493298006606695
20198221740,0.6719973286873634
20198221840,0.5430520860710798
20198221940,0.5999111883774915
20198222040,0.6249259685627564
20198222140,0.5324456508059583
20198222240,0.6485754414169622
20198222340,0.7955015707920379
2019823040,0.9499721186461796
2019823140,1.0050477608706407
2019823240,0.880897913808766
2019823340,0.8049629131772581
2019823440,0.7751544456540458
2019823540,0.7367294513442112
2019823640,0.7510863892886663
2019823740,0.6960546129427511
2019823840,0.7402662208949643
2019823940,0.779020308290385
20198231040,0.7583180608034629
20198231140,0.805171690187841
20198231240,0.8187919068852211
20198231340,0.8432853651743125
20198231440,0.8288556572344961
20198231540,0.6969350654344815
20198231640,0.680419583684474
20198231740,0.5554413173036732
20198231840,0.5097995332538785
20198231940,0.5469778756111259
20198232040,0.5902063045948014
20198232140,0.6098986026423423
20198232240,0.6398501421058782
20198232340,0.6980250766675409
2019824040,0.7385273569153379
2019824140,0.7265559447072276
2019824240,0.8634689856301887
2019824340,0.9892643730978945
2019824440,0.8447223475093
2019824540,0.9302066454167663
2019824640,0.8865912617090319
2019824740,0.8244837453310316
2019824840,0.8341914324506898
20198241040,0.8432724724097916
20198241140,0.9591250668842173
20198241240,1.0270171151924479
20198241340,0.957219782435397
20198241440,0.892503503229756
20198241540,0.7092987892369793
20198241640,0.6427739322073146
20198241740,0.4662181676490744
20198241840,0.43689749783149867
20198241940,0.3515077118753363
20198242040,0.3533837399225797
20198242140,0.34837745119673025
20198242240,0.36286246608378453
20198242340,0.34921529545012037
2019825040,0.3727700906852145
2019825140,0.47692776045773955
2019825240,0.5223841194483704
2019825340,0.5344361704236167
2019825440,0.5648929624509755
2019825540,0.7780813768051816
2019825640,0.794059341499871
2019825740,0.8155261723755464
2019825840,0.9962004113182299
2019825940,1.0292988094828486
20198251040,0.8061789944886931
20198251140,0.7293290008293642
20198251240,0.6721262654174515
20198251340,0.6550670270937146
20198251440,0.6481299685714185
20198251540,0.64541680317375
20198251640,0.6827886267649959
20198251740,0.7356715351877401
20198251840,0.660487096535727
20198251940,0.5115591610672066
20198252040,0.41805879881208435
20198252140,0.34132096638124465
20198252240,0.3028475150135322
20198252340,0.30623740712366027
2019826040,0.34032027948864063
2019826140,0.3977848228888533
2019826240,0.49231507642132044
2019826340,0.7588828137698933
2019826440,0.9219136218892987
2019826540,0.9840637174311666
2019826640,1.00634624352471
2019826740,1.1008490595330596
2019826840,1.1571497913284055
2019826940,1.0864228386713248
20198261040,1.0606247806797164
20198261140,1.1847238366741029
20198261240,1.195885926606444
20198261340,1.3709867999911438
20198261440,1.4592441049191802
20198261540,1.438869112790098
20198261640,1.4534911716692738
20198261740,1.3269140424158627
20198261840,1.3210101815833046
20198261940,1.3532217046832014
20198262040,1.275043532068377
20198262140,1.3227776452047646
20198262240,1.366417693032918
20198262340,1.1995147103402353
2019827040,0.9487326312529064
2019827140,1.0808236922781345
2019827240,0.8457124420927067
2019827340,0.894670659528749
2019827440,0.8422731699083634
2019827540,0.7311387477271422
2019827640,0.9054948473400295
2019827740,0.7889347334672684
2019827840,0.7669967465830032
2019827940,0.8058922590389517
20198271040,0.7378558620506629
20198271140,0.7895388049538715
20198271240,0.8502548465233388
20198271340,0.8347863899276086
20198271440,0.8231076199384122
20198271540,0.8035010427051554
20198271640,0.7934145831614476
20198271740,0.5960327289225978
20198271840,0.5045125857198025
20198271940,0.4240716348237873
20198272040,0.3728503596486409
20198272140,0.3244291582842237
20198272240,0.29940105651156995
20198272340,0.3225375491184536
2019828040,0.3383300569822851
2019828140,0.48456534031958853
2019828240,0.8041003180040258
2019828340,0.8562433063042743
2019828440,1.0015142221450288
2019828540,0.8788124886813957
2019828640,0.859187590117184
2019828740,0.9297158039747693
2019828840,0.9783548563577797
2019828940,1.1228713294355455
20198281040,1.3045517803236897
20198281140,1.2671777704940463
20198281240,1.2319470947793545
20198281340,1.247857112368738
20198281440,1.1665193759544308
20198281540,1.0049337714496152
20198281640,1.0427903174134832
20198281740,1.0839090162336593
20198281840,0.9929305210281171
20198281940,1.0830043249373889
20198282040,1.1141842924398175
20198282140,1.0355047744370114
20198282240,1.0862588214549986
20198282340,0.7639583441674362
2019829040,0.8274972137288559
2019829140,0.8158866893840381
2019829240,0.8021882860943874
2019829340,0.7208002803824018
2019829440,0.6098132065745736
2019829540,0.5191626583005142
2019829640,0.43251176654969603
2019829740,0.40185045014342335
2019829840,0.39225419272011997
2019829940,0.34497815672032994
20198291040,0.34229137209722227
20198291140,0.37438104822588203
20198291240,0.3534200187250052
20198291340,0.48756668259495817
20198291440,0.5388262452656044
20198291540,0.7022303543296589
20198291640,0.8457402185136217
20198291740,1.0398904598820349
20198291840,1.017157459276443
20198291940,1.0855096707809286
20198292040,1.037634381458306
20198292140,0.8140348836674561
20198292240,0.811204481097184
20198292340,0.8263280336093523
2019830040,0.8340433719154074
2019830140,0.8743743960331263
2019830240,0.5618001875323153
2019830340,0.5523876863772285
2019830440,0.7451247485741967
2019830540,0.6159828643093594
2019830640,0.7006024943625493
2019830740,0.8237254736185405
2019830840,0.9604760666602574
2019830940,0.8913697678612387
20198301040,0.9865045157421963
20198301140,0.9317132658592193
20198301240,0.8632485018136046
20198301340,0.8522959018403604
20198301440,0.8156336232971115
20198301540,0.6474454262985834
20198301640,0.7114302710200983
20198301740,0.6344336335735772
20198301840,0.5651994759088198
20198301940,0.4594345984419213
20198302040,0.44007634825192143
20198302140,0.36346937030846077
20198302240,0.3840622510140365
20198302340,0.3976674471687545
2019831040,0.3863733413488472
2019831140,0.3988508415547555
2019831240,0.42067379481208
2019831340,0.3486024578530404
2019831440,0.33003182626312105
2019831540,0.3976399759295116
2019831640,0.4271706007754228
2019831740,0.44613824389521717
2019831840,0.454531982201051
2019831940,0.5093777542050815
20198311040,0.5295014521204905
20198311140,0.6571965995790403
20198311240,0.7510554112786536
20198311340,0.8620485651699924
20198311440,0.9338571478515292
20198311540,1.0075023045608045
20198311640,0.9402601100872234
20198311740,0.8176570489920112
20198311840,0.6991159848749811
20198311940,0.6071749158946504
20198312040,0.5721598320931545
20198312140,0.46223378123021713
20198312240,0.40999636490968516
20198312340,0.43471551401118136
201991140,0.5222522564637002
201991240,0.5141680111659782
201991340,0.4672603109988575
201991440,0.49190924601649777
201991540,0.515895363112075
201991640,0.524732102042602
201991740,0.6018946998870072
201991940,0.6426954012751008
2019911040,0.6889952929463417
2019911140,0.7472098538445641
2019911240,0.6511067254676359
2019911340,0.5799311839612916
2019911440,0.4429543557466777
2019911540,0.40630945669328783
2019911640,0.37656136928892475
2019911740,0.3315328555172646
2019911840,0.3184497505703437
2019911940,0.3014932638193743
2019912040,0.29500932965924986
201992940,0.2976197871557369
2019921040,0.3523430178122616
2019921140,0.3913033845510973
2019921240,0.3978274276511536
2019921340,0.3962242117610763
2019921440,0.4261922878266393
2019921540,0.390941843603384
2019921640,0.32427058949699095
2019921740,0.3165931429263117
2019921840,0.3056234664299931
2019921940,0.27641376591012873
201993640,0.25913638815663104
201993740,0.30075089677063543
201993840,0.3249780242254366
201993940,0.308330726222761
2019931040,0.3688362274581226
2019931140,0.44785839741917544
2019931240,0.6209097185590146
2019931340,1.3953452625121714
2019931440,1.458444849139806
2019931540,1.4071400451174938
2019931640,1.49638530139115
2019931740,1.9820765141455274
2019931840,1.7647911933414353
2019931940,1.7435104187775636
2019932040,1.6387636395742522
2019932140,1.4009207681391804
2019932240,1.1154454908571878
2019932340,0.886273213677135
201994040,0.690325364229614
201994140,0.8273312932982708
201994240,0.8545337973895173
201994340,0.6578516075335906
201994440,0.6025202446133315
201994540,0.7280125260906983
201994640,0.7622727002379649
201994740,0.8582684463038892
201994840,0.8741087187450214
201994940,1.0165979320109018
2019941140,0.9963974451007975
2019941240,0.9821546600822445
2019941340,1.1242172697098018
2019941440,1.213203202705858
2019941540,0.9729365202716204
2019941640,1.1309413740645524
2019941740,0.9757756465403311
2019941840,1.0178752933417248
2019941940,1.0428426082431668
2019942040,1.0339295991029924
2019942140,0.901730573658495
2019942240,0.9222317930243988
2019942340,0.6853547105630632
201995040,0.6981998687070716
201995140,0.7651830476582688
201995240,0.6787205565940979
201995340,0.5183947182142891
201995440,0.5459736079028027
201995540,0.4548666938266631
201995640,0.42192744052787645
201995740,0.4735422774489223
201995840,0.39158349505344703
201995940,0.44347309037017624
2019951040,0.44893866414453065
2019951140,0.39402648016935266
2019951240,0.34973803983026924
2019951340,0.2984811363881172
2019951440,0.2637622706539387
201996140,0.32523647498926905
201996240,0.31559753871432844
201996340,0.3464524467395498
201996440,0.305799572498603
201996540,0.4852916661354284
201996640,0.528415724947999
201996740,0.6008310257246001
201996840,0.6999096985350267
201996940,0.8512787775705847
2019961040,0.8628794774310954
2019961140,0.8010419041934449
2019961240,0.7941976740928196
2019961340,0.7444597411197382
2019961440,0.7568469305187608
2019961540,0.6988600794939069
2019961640,0.5915722439518003
2019961740,0.7415977247143747
2019961840,1.0600642959871416
2019961940,1.3235228150927516
2019962040,1.5405715690135113
2019962140,1.7132058226030986
2019962240,1.7382696868144865
2019962340,1.8027631561736566
201997040,1.9416163182704256
201997140,1.8840950272589203
201997240,1.8428630788316294
201997340,1.9150209577152608
201997440,1.791301215891921
201997540,1.4864134967035156
201997640,1.5034190671066066
201997740,1.0724102264841284
201997840,1.0960347016087617
201997940,0.7515612322490686
2019971040,0.6639597803942088
2019971140,0.6116120239031106
2019971240,0.6855813794371414
2019971340,0.6158532563058372
2019971440,0.5548953913058292
2019971540,0.5314590150154961
2019971640,0.5764902492994126
2019971740,0.560988664702493
2019971840,0.5382088037146012
2019971940,0.36926281176953774
2019972040,0.46485361680872506
2019972140,0.40477018212893195
2019972240,0.35337632297970484
2019972340,0.43982269726904855
201998040,0.42946232072661006
201998140,0.3931483338149522
201998240,0.38058971126909713
201998340,0.38457215851867343
201998440,0.37022280570189653
201998540,0.3703423084639084
201998640,0.3348844868366689
201998740,0.39594452602306196
201998840,0.4487353796266867
201998940,0.5455951423835816
2019981040,0.5643205058970866
2019981140,0.5266023246830894
2019981240,0.5478359843944236
2019981340,0.5634319484108716
2019981440,0.6096923003398727
2019981540,0.6878721307818532
2019981640,0.6019629766713822
2019981740,0.6507569013396975
2019981840,0.45308195211281077
2019981940,0.45114500468230423
2019982040,0.43475293263101067
2019982140,0.38899514469802604
2019982240,0.39951719686308984
2019982340,0.37968974223675367
201999040,0.3643847752771291
201999140,0.32159444357436234
201999240,0.30979000812277413
201999340,0.3504731712883318
201999440,0.369857364206802
201999540,0.4407900418868883
201999640,0.5362439843223686
201999740,0.6421885891553755
201999840,0.5941901406263174
201999940,0.6435378024803826
2019991040,0.5983207081223332
2019991140,0.602694877567415
2019991240,0.5869344280794551
2019991340,0.6648409932403379
2019991440,0.6356493606025341
2019991640,0.5125440607659658
2019991740,0.48047809230811855
2019991840,0.5072893808709773
2019991940,0.5621274871801555
2019992140,0.4555391952502662
2019992340,0.3624477036644913
2019910040,0.40995723499750547
2019910140,0.4399752809286005
2019910240,0.36845785828185046
2019910340,0.503478995185569
2019910440,0.6222374922676073
2019910540,0.853603104528784
2019910640,0.9831108777621074
2019910740,1.060837947969614
2019910840,1.001897224006568
2019910940,0.6568948168985307
20199101040,0.6329228067497574
20199101140,0.6060782288525381
20199101240,0.6594406505537238
20199101340,0.7302740006701804
20199101440,0.5369961714913987
20199101540,0.630193451528717
20199101640,0.5033159315565916
20199101740,0.4431905081517947
20199101840,0.448549622278019
20199101940,0.45794648402622784
20199102040,0.3822838861819069
20199102140,0.40417443947947507
20199102240,0.31981266078530207
20199102340,0.32263481104691366
20199111740,0.29603291890424366
20199111840,0.3438786634722341
20199111940,0.40601046642505767
20199112040,0.4305195166510317
20199112140,0.39757022934408215
20199112240,0.3974785263780967
20199112340,0.2935681651867396
2019912140,0.4284635337770528
2019912240,0.6125415550598394
2019912340,0.8884354860573356
2019912440,0.6900139978866756
2019912540,0.7171607957304883
2019912640,0.7617074438397677
2019912740,0.8769244128975239
2019912840,0.781782470842727
2019912940,0.7142087020097649
20199121040,1.105878940450503
20199121140,0.8192240343121215
20199121240,1.0210402768958868
20199121340,0.9991141153001326
20199121440,1.2411111465715217
20199121540,1.1420382305369705
20199121640,1.0348018708835542
20199121740,0.9863722904805947
20199121840,0.8545063552841227
20199121940,0.770236768073509
20199122040,0.7081337811093957
20199122140,0.7611696599563329
20199122240,0.7528742908429683
20199122340,0.872065499671785
2019913040,1.0028683500908477
2019913140,1.087286450373251
2019913240,1.170639355713887
2019913340,0.9769723645853968
2019913440,1.069460681953071
2019913540,1.0141825724784883
2019913640,1.0502160166585162
2019913740,1.1512580072081866
2019913840,0.8830801139293502
2019913940,0.9727360020552642
20199131040,0.8904521152398005
20199131140,1.076236390284327
20199131240,0.9870183763228793
20199131340,0.9429680611052597
20199131440,0.8994390743377205
20199131540,0.7586988077745005
20199131640,0.7440938299959735
20199131740,0.7225201092305948
20199131840,0.6508481536092792
20199131940,0.7690099758080302
20199132040,0.8849954186804263
20199132140,1.2341934333202953
20199132240,1.1802249304474945
20199132340,1.2494932326856465
2019914040,1.3200217922930813
2019914140,1.121077715907894
2019914240,0.9934064184801459
2019914340,0.8232261970524701
2019914440,0.8717241096002285
2019914540,0.9245098009671616
2019914740,0.8841789155715221
2019914840,0.833911080755558
2019914940,0.8214097007894033
20199141040,0.7424806031897095
20199141140,0.6831298886882933
20199141240,0.559207462347959
20199141340,0.5413684150833862
20199141440,0.4442901303883675
20199141540,0.3458421068246317
20199141640,0.3634469522886919
20199141740,0.3096837018688531
20199141840,0.32418210342786447
20199141940,0.28805189428664285
20199142040,0.3101697634973574
20199142140,0.2731890782509764
20199142240,0.29213997849522505
20199142340,0.3293273147482036
2019915040,0.30767703233327337
2019915140,0.3290354042152532
2019915240,0.30522457705107103
2019915340,0.2925419984885925
2019915440,0.2901592483655176
2019915540,0.35067539504014583
2019915640,0.3832005274184863
2019915740,0.5129723168926379
2019915840,0.7927621771875066
2019915940,0.7491179553608779
20199151040,0.9267740111031508
20199151140,0.9544906864224256
20199151240,0.8463696948101763
20199151340,1.630807761257702
20199151440,1.3538907424586668
20199151540,1.3022695287587651
20199151640,1.2507735630476078
20199151740,1.1588792034654176
20199151840,1.0831910842166097
20199151940,1.137772484850845
20199152040,0.9313789549524771
20199152140,0.741648465122463
20199152240,0.4861478661987796
20199152340,0.4035827018257552
2019916040,0.3612070399706909
2019916140,0.32856523666961895
2019916240,0.2975054488175883
20199161740,0.33076042011872175
20199161840,0.3928097029280111
20199161940,0.3463332357431025
20199162040,0.3854464966812708
20199162140,0.3988868870568999
20199162240,0.3670940881570952
20199162340,0.33311526873735736
2019917040,0.32662278870898953
2019917140,0.30479660553002064
2019917240,0.2892871005036923
2019917340,0.2901108065048385
2019917440,0.2813364649700378
2019917540,0.2681463856406604
2019917640,0.26752529548911946
2019917740,0.27074300034263377
20199171540,0.31226260337363626
20199171640,0.3471910350041335
20199171740,0.3706916799345266
20199171840,0.3610396937085723
20199171940,0.31571989381046955
2019918440,0.2929275946873471
2019918540,0.33858053030167434
2019918640,0.36782115644903535
2019918740,0.3764689782590112
2019918840,0.4351494522390257
2019918940,0.5833580417308765
20199181040,0.7499328224755004
20199181140,0.8010072770868681
20199181240,0.8018408472979078
20199181340,0.8206720729590894
20199181440,0.6838339534818564
20199181540,0.49827490024057464
20199181640,0.47539792661161867
20199181740,0.4567086177625538
20199181840,0.38204832253673965
20199181940,0.39432976035108147
20199182040,0.3905108942211429
20199182140,0.3330234118019526
20199182240,0.3322773428054539
2019919040,0.2827572193599046
2019919140,0.3222031312686656
2019919240,0.34955830446191916
2019919440,0.3160039994392735
2019919540,0.48928912528500956
2019919640,0.6157966252060868
2019919740,0.5792376453923112
2019919840,0.7166291649174119
2019919940,0.7741849791318418
20199191040,0.8664041814464313
20199191140,0.8569910933885793
20199191240,0.7908389807866583
20199191340,0.6721515562344726
20199191440,0.5620110604204536
20199191540,0.5029101106976871
20199191640,0.45363209796621506
20199191740,0.39679112954131335
20199191840,0.378331364616276
20199191940,0.35130413429957097
20199192040,0.3393741690431039
20199192140,0.3383031230752463
20199211040,0.30072190464027915
20199211140,0.29614284554673637
20199211240,0.3620814413751514
20199211340,0.505053426736905
20199211440,0.6208862883873282
20199211540,0.7750654309677967
20199211640,0.802837421625489
20199211740,0.6830366931982299
20199211840,0.747332847838349
20199211940,0.6829566314300582
20199212040,0.7052663559756223
20199212140,0.7915431752730389
20199212240,1.0191909361496967
20199212340,0.9343518572517735
2019922040,0.9105761658213942
2019922140,0.8060798078183253
2019922240,0.9294885139608858
2019922340,1.0912345273194686
2019922440,1.0470257668067193
2019922540,1.0845084329174604
2019922640,1.1131091811489287
2019922740,1.1159828314024327
2019922840,1.2142357320247956
2019922940,1.2062614694678118
20199221040,1.2939870868366066
20199221140,1.426066926802703
20199221240,1.0998098340433344
20199221340,1.075263431812032
20199221440,1.027500834326211
20199221540,0.9842850932892356
20199221640,1.0098075919537908
20199221740,0.9143108636650332
20199221840,0.8436697536971098
20199221940,0.8814881944884254
20199222040,0.9821856820587331
20199222140,0.8654768240226267
20199222240,0.8540392443697529
20199222340,0.8195301094832095
2019923040,0.815826737236758
2019923140,0.7792474778821835
2019923240,0.5653026155364277
2019923340,0.5629170498512284
2019923440,0.45804392059997767
2019923540,0.5575662766271382
2019923640,0.4523935414184643
2019923740,0.4934745724399383
2019923840,0.558369083014578
2019923940,0.8038103072122589
20199231040,1.0126260055970726
20199231140,0.963119055409368
20199231240,0.9496342356387584
20199231340,1.0275580870195116
20199231440,1.0267953395517944
20199231540,0.9563483735392246
20199231640,0.786463904739353
20199231740,0.7528981524491106
20199231840,0.6218098482092467
20199231940,0.5433906440249008
20199232040,0.5073132319668419
20199232140,0.39916805258541277
20199232240,0.3731422580681143
20199232340,0.3608081586832452
2019924040,0.3512389710033329
2019924140,0.343580071246164
2019924240,0.35005688634196763
2019924340,0.35900873638343844
2019924440,0.38266568279044116
2019924540,0.41240617739526225
2019924640,0.3897159510489964
2019924740,0.406993488720485
2019924840,0.43375637605737627
2019924940,0.38369142279264956
20199241040,0.3887611720096842
20199241140,0.3538636846422065
20199241240,0.3521800488357123
20199241340,0.35965244846064565
20199241440,0.39358600694263723
20199241540,0.3909594288263759
20199241640,0.49605616861279783
20199241740,0.6455875584470392
20199241840,0.6543022204494057
20199241940,0.6807990517123421
20199242040,0.6292529418262879
20199242140,0.5526348506863105
20199242240,0.6154527382891454
20199242340,0.6490441561113803
2019925040,0.7069429169248926
2019925140,0.8064940373829829
2019925240,1.0293405324184404
2019925340,1.2296934908773711
2019925440,1.364771802566087
2019925540,1.507576291028561
2019925640,1.5519745060636754
2019925740,1.5812892399418197
2019925840,1.6556201235097365
2019925940,1.6837003323383675
20199251040,1.6653791533810771
20199251140,1.640084006453612
20199251240,1.569486747387621
20199251340,1.3615870794716853
20199251440,1.2309748159124658
20199251540,1.1815716006327912
20199251640,1.1255204574741233
20199251740,0.9821388361530649
20199251840,0.931255465474174
20199251940,0.8013687113498207
20199252040,0.6640234039314512
20199252140,0.513101792169244
20199252240,0.47068513577107596
20199252340,0.5905597724954402
2019926040,0.5205890581967906
2019926140,0.5772200197763904
2019926240,0.6440187650620757
2019926340,0.6925592246570453
2019926440,0.6606827028753818
2019926540,0.6414056784154318
2019926640,0.6638404846415712
2019926740,0.7477977138156169
2019926840,0.794185868300646
2019926940,0.972170678028764
20199261040,1.0418401452627726
20199261140,0.9194611338316669
20199261240,0.9182067796533782
20199261340,0.9223389565947422
20199261440,0.8954825087640013
20199261540,0.9117002664213518
20199261640,0.9168409375812901
20199261740,0.8581004598263736
20199261840,0.7076753975029759
20199261940,0.5478852829389912
20199262040,0.39542372317776797
20199262140,0.35213418622593057
20199262240,0.3555259407618708
20199262340,0.40694589398598535
2019927040,0.4100527364496805
2019927140,0.3686065971999257
2019927240,0.4781744381414159
2019927340,0.6687697274723166
2019927440,0.8117573516090674
2019927540,0.9474191470625735
2019927640,1.0292375150561157
2019927740,1.0874254026586785
2019927840,1.1755004482666451
2019927940,1.0778606299460205
20199271040,1.3012638543757207
20199271140,1.1363012173306348
20199271240,1.2950559909906236
20199271340,1.3371691120460094
20199271440,1.519824358235097
20199271540,1.4126011523034578
20199271640,1.5726179079647
20199271740,1.4547306329039142
20199271840,1.5914336988779034
20199271940,1.4301011984059566
20199272040,1.4391152247560761
20199272140,1.1467481569584335
20199272240,0.7686402605101759
20199272340,1.50267358603945
2019928040,1.314275161431319
2019928140,1.12871382966381
2019928240,1.1595935365808734
2019928340,0.6987968387612864
2019928440,0.7473615492074253
2019928540,1.0029117875179732
2019928640,0.7557006339084421
2019928740,0.5513504564502271
2019928840,0.5876349958475978
2019928940,0.6536750467651826
20199281040,0.7625180217520983
20199281140,0.7831551277383734
20199281240,0.7662888017227639
20199281340,0.9202420719855142
20199281440,1.1242350847904383
20199281540,1.3798734884408836
20199281640,1.3071453771471933
20199281740,1.2709770889011123
20199281840,1.271472704672754
20199281940,1.1361839354969347
20199282040,1.130773702019619
20199282140,1.214764323555746
20199282240,1.1566338420765931
20199282340,1.2076325090084237
2019929040,1.2339142270782866
2019929140,1.0276531897254428
2019929240,1.1136172868808687
2019929340,1.303357046461128
2019929440,1.5048297881871453
2019929540,1.3522974917619788
2019929640,1.4445627527706972
2019929740,1.4556320911347287
2019929840,1.5696658204089848
2019929940,1.383398560323284
20199291040,1.3397024172804994
20199291140,1.4662317536529734
20199291240,1.3668411492134953
20199291340,1.27834526917828
20199291440,1.2874380059076587
20199291540,1.354738527262691
20199291640,1.339849998744878
20199291740,1.346665903810616
20199291840,1.4383037270393635
20199291940,1.4683729463415007
20199292040,1.4232734312588167
20199292140,1.4408774020131832
20199292240,1.3546174717811632
20199292340,1.2671412092229093
2019930040,1.1748872451155303
2019930140,1.0881351879620031
2019930340,0.9642206282922311
2019930440,0.8422185841341161
2019930540,0.7531892081604273
2019930640,0.6465245028894036
2019930740,0.6623102990057568
2019930840,0.5677483300851829
2019930940,0.5655599481380453
20199301040,0.5394013405101179
20199301140,0.613947271552337
20199301240,0.6446000680290628
20199301340,0.5453002554001619
20199301440,0.566245924475155
20199301540,0.59698384913959
20199301640,0.5834936034295086
20199301740,0.5441998638521087
20199301840,0.5127500664934788
20199301940,0.5076003464942622
20199302040,0.46443685487848574
20199302140,0.444792629758187
20199302240,0.5004238747065155
20199302340,0.4327510997667854
2019101040,0.4439413722140787
2019101140,0.448918563415029
2019101240,0.4089957242605569
2019101340,0.4118195493377975
2019101440,0.4232210188932198
2019101540,0.4308680542399081
2019101640,0.4075922654497186
2019101740,0.3622942596464699
2019101840,0.32732713365451943
2019101940,0.365078514964391
20191011040,0.34309465369169023
20191011140,0.3725769650200774
20191011340,0.3257512449441969
20191011440,0.32773410499595634
20191011540,0.37209474732639847
20191011640,0.38289718381354293
20191011740,0.3713127453070714
20191011840,0.3829552328730736
20191011940,0.3780554362256689
2019102140,0.24749504541358486
2019102240,0.2191504014328256
2019102440,0.3365830149012817
2019102540,0.31669452938235526
2019102640,0.2985179192589897
2019102740,0.3925552950120992
2019102840,0.6694660831577807
2019102940,1.2821093062898838
20191021040,1.2951847698740568
